监测日期,监测站点,所在区域,PM2.5(μg/m³),PM10(μg/m³),二氧化硫(mg/m³),二氧化氮(mg/m³),臭氧(μg/m³),一氧化碳(mg/m³),噪音(dB),风速(m/s),温度(℃),湿度(%),气压(hPa)
2024-01-02,深圳南山监测站,珠三角,59.1,134.2,0.06,0.033,48.7,0.83,59.7,0.8,4.0,80,1025
2024-01-03,北京朝阳区监测站,京津冀,162.5,327.1,0.083,0.053,8.0,1.74,64.2,2.1,5.6,60,1010
2024-01-07,广州天河监测站,珠三角,72.2,130.0,0.061,0.005,41.4,1.56,67.7,4.6,0.9,93,1011
2024-01-13,上海徐汇监测站,长三角,66.8,106.6,0.06,0.035,79.8,0.81,59.1,0.6,0.9,80,1018
2024-01-14,西安雁塔监测站,关中平原,94.5,176.5,0.065,0.06,66.8,1.35,37.7,0.7,-1.6,41,1030
2024-01-15,上海浦东监测站,长三角,29.1,50.8,0.028,0.044,39.1,1.24,53.7,0.6,5.9,61,1024
2024-01-23,武汉武昌监测站,华中地区,78.5,142.2,0.054,0.053,74.2,1.39,68.2,2.4,-5.9,71,1025
2024-01-24,杭州西湖监测站,长三角,101.8,178.0,0.03,0.056,53.4,0.66,52.4,2.0,-5.7,36,1030
2024-01-26,西安雁塔监测站,关中平原,189.9,403.4,0.081,0.078,8.0,1.28,55.3,1.6,-2.0,68,1015
2024-01-28,西安雁塔监测站,关中平原,117.4,203.5,0.082,0.04,8.0,1.8,40.4,2.2,5.4,40,996
2024-01-29,成都武侯监测站,成渝地区,48.8,110.9,0.062,0.022,54.8,1.86,52.9,3.4,-6.2,54,1029
2024-01-30,杭州西湖监测站,长三角,74.4,96.9,0.05,0.055,17.0,1.85,49.5,1.5,6.8,54,1019
2024-02-03,上海徐汇监测站,长三角,21.5,34.2,0.067,0.04,18.6,0.6,58.7,4.1,2.6,82,1007
2024-02-04,武汉武昌监测站,华中地区,138.1,232.0,0.076,0.065,62.2,1.68,43.8,0.7,2.6,67,1018
2024-02-05,广州天河监测站,珠三角,3.0,6.9,0.051,0.011,46.4,1.13,59.5,11.4,10.2,54,1019
2024-02-09,上海浦东监测站,长三角,75.5,163.1,0.023,0.035,81.7,1.41,61.5,3.3,5.8,52,1009
2024-02-12,北京海淀区监测站,京津冀,146.2,231.8,0.083,0.081,18.9,1.58,66.6,2.3,-4.8,40,1018
2024-02-13,上海徐汇监测站,长三角,98.6,219.2,0.05,0.081,25.3,1.47,49.3,0.8,7.9,95,1011
2024-02-15,西安雁塔监测站,关中平原,100.3,167.5,0.058,0.035,101.5,1.51,63.5,3.6,-8.8,55,1025
2024-02-16,北京海淀区监测站,京津冀,163.3,365.2,0.081,0.046,66.9,1.94,68.9,1.3,-10.1,59,1021
2024-02-17,西安雁塔监测站,关中平原,92.4,192.0,0.07,0.077,60.6,1.21,41.7,3.4,-4.8,85,1012
2024-02-18,成都武侯监测站,成渝地区,59.8,139.4,0.04,0.064,31.2,1.34,44.0,0.4,-4.7,56,1021
2024-02-19,成都武侯监测站,成渝地区,188.5,355.5,0.07,0.075,29.6,1.74,60.4,0.9,1.1,26,1024
2024-02-20,深圳南山监测站,珠三角,168.7,400.4,0.019,0.053,46.8,1.81,46.5,0.1,11.7,49,1017
2024-02-22,西安雁塔监测站,关中平原,201.9,290.3,0.09,0.016,39.7,1.49,66.9,0.6,5.9,65,1019
2024-02-24,成都武侯监测站,成渝地区,126.2,203.4,0.048,0.065,27.4,1.69,50.7,2.8,-0.3,54,1019
2024-02-25,上海徐汇监测站,长三角,60.6,137.1,0.079,0.005,8.0,1.25,45.8,2.7,6.8,58,1011
2024-02-27,武汉武昌监测站,华中地区,77.3,176.6,0.067,0.051,29.9,1.78,58.0,0.8,-5.7,68,1032
2024-02-29,上海浦东监测站,长三角,80.7,138.3,0.003,0.03,41.3,1.01,72.6,0.4,-2.5,70,1022
2024-03-03,杭州西湖监测站,长三角,70.9,168.8,0.035,0.033,76.2,0.65,40.7,0.8,25.9,45,1009
2024-03-04,西安雁塔监测站,关中平原,66.5,103.3,0.051,0.083,63.4,1.88,64.0,1.1,16.1,69,1009
2024-03-06,北京朝阳区监测站,京津冀,86.0,126.7,0.041,0.071,65.1,1.36,55.5,0.4,11.1,93,1016
2024-03-10,西安雁塔监测站,关中平原,43.1,94.2,0.048,0.048,64.9,0.93,46.2,10.8,16.3,53,998
2024-03-13,广州天河监测站,珠三角,54.4,79.9,0.049,0.055,120.5,0.76,55.1,3.4,18.3,54,1016
2024-03-14,广州天河监测站,珠三角,79.5,173.6,0.019,0.017,104.7,0.65,51.5,0.1,16.4,21,1010
2024-03-15,上海浦东监测站,长三角,33.4,65.9,0.056,0.019,123.8,1.09,78.0,0.1,21.9,28,1012
2024-03-16,武汉武昌监测站,华中地区,46.9,62.3,0.024,0.062,103.1,0.88,52.2,2.6,22.5,70,1012
2024-03-18,广州天河监测站,珠三角,15.7,23.7,0.031,0.047,98.8,1.32,68.0,9.8,13.5,76,1017
2024-03-19,武汉武昌监测站,华中地区,49.9,97.0,0.029,0.06,104.6,1.02,58.1,2.0,18.2,58,1016
2024-03-21,武汉武昌监测站,华中地区,53.5,77.3,0.056,0.025,104.6,0.75,57.2,3.8,21.2,59,1018
2024-03-26,深圳南山监测站,珠三角,52.0,90.4,0.009,0.019,69.0,1.15,45.1,1.6,22.2,78,1013
2024-03-28,北京海淀区监测站,京津冀,80.4,122.0,0.068,0.038,56.1,1.12,58.4,2.9,7.5,48,1017
2024-03-30,上海徐汇监测站,长三角,89.7,180.8,0.047,0.025,82.5,1.56,48.0,0.1,19.7,39,1027
2024-03-31,北京海淀区监测站,京津冀,97.1,171.5,0.021,0.035,86.8,1.67,53.4,0.5,9.1,59,1015
2024-04-01,武汉武昌监测站,华中地区,21.9,35.1,0.053,0.035,119.9,1.3,54.4,1.8,21.5,75,1007
2024-04-02,深圳南山监测站,珠三角,53.7,92.3,0.003,0.042,83.8,0.55,41.6,0.1,15.1,91,1015
2024-04-03,上海浦东监测站,长三角,102.6,235.8,0.022,0.068,73.0,1.2,49.4,1.3,10.0,65,1002
2024-04-07,上海浦东监测站,长三角,74.8,103.1,0.053,0.006,94.0,0.34,54.5,1.1,25.8,50,1003
2024-04-08,北京海淀区监测站,京津冀,83.3,148.7,0.035,0.035,131.1,1.31,60.4,3.1,20.4,49,1014
2024-04-09,成都武侯监测站,成渝地区,83.0,195.9,0.011,0.056,99.4,1.21,74.1,2.9,21.5,59,1003
2024-04-10,武汉武昌监测站,华中地区,60.7,88.0,0.035,0.047,87.0,0.66,48.1,1.5,14.8,63,1020
2024-04-11,深圳南山监测站,珠三角,58.4,126.5,0.047,0.029,59.6,0.74,66.0,7.3,26.7,62,990
2024-04-12,上海浦东监测站,长三角,50.6,89.4,0.052,0.035,50.1,0.74,58.3,1.7,17.1,75,1019
2024-04-13,杭州西湖监测站,长三角,24.1,42.1,0.016,0.017,92.5,0.69,43.3,9.7,25.3,77,1018
2024-04-14,上海徐汇监测站,长三角,61.5,106.9,0.05,0.068,86.9,0.4,37.5,3.1,11.5,51,1026
2024-04-16,西安雁塔监测站,关中平原,74.7,160.5,0.033,0.05,96.4,1.38,63.9,3.2,21.1,91,1003
2024-04-17,西安雁塔监测站,关中平原,56.4,132.4,0.033,0.032,78.4,1.06,51.0,1.9,23.0,37,1001
2024-04-23,广州天河监测站,珠三角,38.7,63.6,0.019,0.028,94.1,1.01,63.0,1.0,21.6,58,1007
2024-04-27,深圳南山监测站,珠三角,53.8,102.1,0.035,0.005,97.4,1.53,52.3,1.4,19.7,80,1014
2024-04-28,西安雁塔监测站,关中平原,107.6,149.3,0.041,0.033,83.7,0.77,41.1,5.9,13.8,62,1014
2024-05-03,杭州西湖监测站,长三角,25.7,51.6,0.06,0.044,86.2,1.25,61.5,11.1,22.8,48,1004
2024-05-05,杭州西湖监测站,长三角,25.9,34.7,0.043,0.007,64.1,1.07,54.4,3.3,17.3,87,1023
2024-05-08,杭州西湖监测站,长三角,34.7,65.6,0.014,0.005,32.2,0.97,54.1,1.5,13.4,60,1004
2024-05-09,北京海淀区监测站,京津冀,120.3,183.3,0.005,0.021,40.6,1.35,53.7,1.3,13.9,77,1016
2024-05-12,成都武侯监测站,成渝地区,72.2,110.9,0.019,0.047,71.9,1.27,44.0,0.8,17.5,57,1015
2024-05-13,北京朝阳区监测站,京津冀,49.1,68.5,0.062,0.048,68.0,2.0,51.2,1.2,9.2,53,1012
2024-05-14,北京朝阳区监测站,京津冀,61.3,103.3,0.005,0.086,101.9,1.79,64.1,1.3,19.5,58,1017
2024-05-17,杭州西湖监测站,长三角,88.9,197.0,0.032,0.053,99.1,1.03,55.9,2.8,23.2,82,1017
2024-05-18,北京朝阳区监测站,京津冀,60.8,123.6,0.067,0.073,50.7,0.95,48.0,8.0,17.9,59,1012
2024-05-19,武汉武昌监测站,华中地区,11.5,16.1,0.032,0.079,131.4,0.44,34.7,11.3,8.9,75,1039
2024-05-21,上海徐汇监测站,长三角,62.8,130.5,0.03,0.024,103.8,1.08,61.9,4.0,15.8,58,1003
2024-05-22,武汉武昌监测站,华中地区,50.9,111.3,0.041,0.028,60.1,0.75,59.2,1.5,8.4,64,1003
2024-05-23,广州天河监测站,珠三角,26.4,49.9,0.027,0.015,123.1,0.66,53.4,5.2,25.3,85,1005
2024-05-24,上海徐汇监测站,长三角,73.0,132.8,0.065,0.075,84.1,0.97,53.0,1.0,24.3,59,1021
2024-05-27,杭州西湖监测站,长三角,35.5,64.8,0.031,0.024,110.6,0.97,57.9,0.4,21.0,61,1018
2024-05-29,广州天河监测站,珠三角,56.2,110.5,0.011,0.005,111.1,0.84,55.9,2.1,18.0,48,1010
2024-05-31,杭州西湖监测站,长三角,8.1,16.3,0.043,0.019,36.8,0.59,48.0,13.8,16.6,67,1025
2024-06-01,成都武侯监测站,成渝地区,50.9,110.0,0.016,0.024,95.4,0.72,50.2,1.0,24.3,78,1008
2024-06-03,西安雁塔监测站,关中平原,33.4,77.2,0.03,0.048,128.9,0.83,73.6,3.0,23.0,93,1018
2024-06-04,成都武侯监测站,成渝地区,45.8,101.1,0.037,0.066,148.4,0.71,46.8,0.8,34.1,98,1012
2024-06-05,北京海淀区监测站,京津冀,47.0,80.4,0.021,0.069,81.8,0.77,57.5,0.1,24.1,78,1016
2024-06-06,深圳南山监测站,珠三角,5.7,8.6,0.003,0.012,116.8,0.38,64.4,0.2,36.6,77,1005
2024-06-07,北京朝阳区监测站,京津冀,48.2,111.0,0.043,0.075,157.2,1.51,68.8,0.2,29.2,82,1022
2024-06-08,西安雁塔监测站,关中平原,40.9,97.0,0.036,0.087,153.1,1.05,57.9,1.6,29.0,82,1010
2024-06-10,上海徐汇监测站,长三角,24.7,36.1,0.018,0.019,180.2,0.5,52.3,3.6,37.0,71,1000
2024-06-11,广州天河监测站,珠三角,23.1,37.0,0.003,0.005,156.9,0.94,47.1,7.5,40.6,98,1006
2024-06-12,武汉武昌监测站,华中地区,33.2,50.0,0.05,0.074,53.5,1.04,70.8,3.0,28.3,67,1004
2024-06-13,上海徐汇监测站,长三角,15.9,25.3,0.048,0.055,155.6,1.39,51.0,2.9,30.0,94,1011
2024-06-17,北京海淀区监测站,京津冀,70.6,144.6,0.022,0.102,163.8,0.76,67.9,2.0,28.0,81,1000
2024-06-18,北京海淀区监测站,京津冀,15.7,23.2,0.047,0.067,113.8,0.92,64.2,2.3,29.6,78,1017
2024-06-22,上海浦东监测站,长三角,35.3,64.7,0.015,0.043,62.4,1.0,33.9,3.0,25.8,98,1002
2024-06-23,深圳南山监测站,珠三角,25.9,44.8,0.012,0.069,152.8,0.47,41.3,2.3,33.8,98,1000
2024-06-24,深圳南山监测站,珠三角,34.0,63.5,0.021,0.039,175.8,0.52,56.5,1.4,36.2,76,1000
2024-06-29,成都武侯监测站,成渝地区,47.1,70.5,0.043,0.039,158.1,0.72,54.9,2.4,36.7,82,993
2024-07-04,深圳南山监测站,珠三角,30.7,57.6,0.033,0.056,159.9,0.78,64.3,3.0,34.1,97,1016
2024-07-11,深圳南山监测站,珠三角,18.8,33.4,0.003,0.035,102.6,0.59,73.2,10.9,41.0,80,1002
2024-07-12,成都武侯监测站,成渝地区,38.9,57.3,0.055,0.046,121.5,0.99,56.4,2.1,35.8,76,986
2024-07-13,成都武侯监测站,成渝地区,27.0,36.3,0.04,0.071,200.8,1.38,40.8,3.4,31.8,72,996
2024-07-16,北京朝阳区监测站,京津冀,42.2,86.9,0.062,0.099,142.4,0.55,64.6,5.9,28.4,68,1018
2024-07-20,北京海淀区监测站,京津冀,58.1,77.5,0.048,0.069,92.1,1.04,32.0,7.8,20.0,76,1015
2024-07-23,西安雁塔监测站,关中平原,43.0,63.9,0.011,0.09,167.8,1.18,56.4,1.9,31.2,58,1016
2024-07-24,上海浦东监测站,长三角,21.5,34.4,0.027,0.02,97.3,0.55,55.2,4.8,27.2,92,1004
2024-07-25,杭州西湖监测站,长三角,28.1,57.3,0.014,0.044,129.3,0.36,49.6,0.1,39.7,81,1013
2024-07-27,上海徐汇监测站,长三角,6.4,14.2,0.02,0.016,134.5,0.2,51.4,5.2,38.0,47,1007
2024-07-28,北京海淀区监测站,京津冀,39.1,61.2,0.045,0.089,139.1,0.36,57.1,3.4,26.2,80,1004
2024-07-30,西安雁塔监测站,关中平原,21.0,48.1,0.036,0.054,154.8,0.81,64.9,2.5,32.8,52,1006
2024-07-31,成都武侯监测站,成渝地区,28.9,38.2,0.052,0.05,96.8,0.4,68.0,1.7,34.1,96,1013
2024-08-01,广州天河监测站,珠三角,11.9,19.0,0.015,0.06,134.6,1.1,52.3,0.8,41.0,95,999
2024-08-02,西安雁塔监测站,关中平原,51.9,74.9,0.021,0.067,23.4,1.25,69.5,0.8,34.0,66,1005
2024-08-03,广州天河监测站,珠三角,3.0,6.1,0.007,0.02,155.4,0.56,51.0,8.8,31.4,98,1007
2024-08-04,武汉武昌监测站,华中地区,27.4,54.0,0.043,0.09,109.7,1.56,41.2,7.6,29.1,93,1018
2024-08-06,深圳南山监测站,珠三角,21.8,48.6,0.003,0.069,131.2,0.4,53.2,4.5,38.7,80,997
2024-08-07,广州天河监测站,珠三角,16.6,31.7,0.045,0.064,85.5,0.24,63.4,1.2,41.2,70,1017
2024-08-09,深圳南山监测站,珠三角,7.7,12.9,0.031,0.047,163.0,0.43,70.2,8.0,38.5,68,1001
2024-08-16,广州天河监测站,珠三角,12.9,26.6,0.043,0.034,165.7,0.2,52.7,2.5,36.7,82,1010
2024-08-18,深圳南山监测站,珠三角,17.1,38.7,0.005,0.046,146.0,0.62,48.4,5.4,38.0,98,1005
2024-08-19,深圳南山监测站,珠三角,30.3,47.6,0.029,0.014,203.2,0.88,60.8,3.5,28.3,86,1019
2024-08-23,上海浦东监测站,长三角,25.9,34.0,0.034,0.053,70.0,0.84,40.1,1.5,38.0,79,1007
2024-08-26,西安雁塔监测站,关中平原,46.5,97.3,0.018,0.063,103.6,1.23,51.7,1.2,29.6,68,1000
2024-08-28,上海浦东监测站,长三角,33.4,54.5,0.003,0.033,89.0,0.69,45.5,3.3,27.2,65,1008
2024-08-30,武汉武昌监测站,华中地区,35.2,80.5,0.018,0.07,152.8,0.77,56.3,0.2,22.1,85,1001
2024-08-31,北京朝阳区监测站,京津冀,31.0,42.3,0.07,0.068,123.6,1.42,40.2,11.6,35.0,77,994
2024-09-01,上海徐汇监测站,长三角,40.4,73.7,0.01,0.02,108.1,0.6,34.8,0.7,21.3,65,1008
2024-09-02,西安雁塔监测站,关中平原,82.8,138.8,0.064,0.056,123.4,0.37,59.6,1.3,15.4,63,1015
2024-09-05,成都武侯监测站,成渝地区,102.8,178.5,0.063,0.046,55.9,1.39,67.7,1.1,11.9,98,1014
2024-09-06,上海徐汇监测站,长三角,32.9,66.2,0.025,0.031,8.0,0.99,57.3,0.1,13.9,94,1014
2024-09-07,北京朝阳区监测站,京津冀,60.9,120.0,0.051,0.045,61.0,1.83,69.2,1.3,6.4,69,1026
2024-09-08,上海徐汇监测站,长三角,55.1,95.6,0.066,0.059,30.6,0.85,53.6,1.8,11.3,83,1013
2024-09-09,北京海淀区监测站,京津冀,24.0,53.5,0.063,0.031,17.6,1.66,62.9,12.6,5.6,39,1018
2024-09-10,成都武侯监测站,成渝地区,23.0,32.6,0.036,0.063,73.9,1.29,68.8,1.2,20.6,95,1011
2024-09-12,广州天河监测站,珠三角,39.4,62.0,0.051,0.06,102.2,0.69,56.1,6.0,28.2,46,1007
2024-09-15,北京朝阳区监测站,京津冀,51.5,107.6,0.032,0.046,49.9,0.82,51.2,0.3,7.4,51,1007
2024-09-18,深圳南山监测站,珠三角,24.4,37.7,0.066,0.054,103.8,1.22,58.8,4.1,17.1,42,1011
2024-09-21,北京海淀区监测站,京津冀,71.6,160.7,0.044,0.013,52.3,1.37,49.6,0.1,20.3,42,1018
2024-09-23,西安雁塔监测站,关中平原,59.9,82.6,0.025,0.087,56.5,0.6,49.6,3.6,17.7,38,1009
2024-09-25,广州天河监测站,珠三角,51.1,81.9,0.026,0.06,87.0,0.5,62.5,3.3,25.0,74,1003
2024-09-26,北京海淀区监测站,京津冀,74.4,145.0,0.079,0.048,49.6,1.04,52.7,3.1,9.0,95,1021
2024-09-27,西安雁塔监测站,关中平原,38.8,87.6,0.022,0.082,28.0,1.71,43.7,6.5,14.1,61,1031
2024-09-28,上海浦东监测站,长三角,44.2,85.7,0.014,0.005,77.5,0.64,50.1,1.4,15.6,73,1021
2024-09-29,西安雁塔监测站,关中平原,41.2,54.0,0.039,0.046,66.0,0.7,59.0,1.7,20.8,56,1010
2024-09-30,上海徐汇监测站,长三角,73.0,157.6,0.036,0.054,49.1,0.59,66.9,3.8,13.1,69,1013
2024-10-03,西安雁塔监测站,关中平原,64.7,130.2,0.041,0.035,68.1,1.02,57.9,1.9,20.2,56,1006
2024-10-04,西安雁塔监测站,关中平原,52.1,123.1,0.057,0.048,90.2,1.07,56.4,3.5,9.5,51,1026
2024-10-05,广州天河监测站,珠三角,72.9,96.2,0.046,0.056,35.6,0.86,56.8,3.8,17.8,88,1016
2024-10-06,武汉武昌监测站,华中地区,21.5,39.6,0.033,0.03,94.7,0.58,43.5,7.6,25.9,69,999
2024-10-09,武汉武昌监测站,华中地区,81.2,171.0,0.061,0.067,61.3,0.84,44.1,0.1,22.8,53,1006
2024-10-10,杭州西湖监测站,长三角,88.7,212.4,0.003,0.072,34.9,0.34,45.1,4.4,22.5,70,1015
2024-10-11,上海徐汇监测站,长三角,40.8,53.1,0.035,0.041,71.0,0.62,58.7,3.0,18.8,79,1014
2024-10-14,武汉武昌监测站,华中地区,51.3,110.5,0.029,0.044,88.2,0.68,43.9,1.1,13.5,73,1002
2024-10-16,北京海淀区监测站,京津冀,92.5,217.6,0.039,0.077,120.7,0.46,53.0,2.1,11.4,75,1019
2024-10-17,深圳南山监测站,珠三角,78.4,142.9,0.029,0.066,80.8,0.36,71.9,0.6,29.1,69,1011
2024-10-18,深圳南山监测站,珠三角,73.6,150.8,0.024,0.047,89.9,0.78,52.2,0.4,13.1,97,1015
2024-10-21,深圳南山监测站,珠三角,3.0,4.4,0.026,0.005,39.9,1.38,63.5,5.7,30.6,85,1016
2024-10-22,广州天河监测站,珠三角,50.6,80.4,0.003,0.044,37.9,1.2,51.4,0.6,23.0,96,996
2024-10-24,深圳南山监测站,珠三角,32.2,73.4,0.023,0.025,89.1,1.07,50.1,7.7,14.5,82,1019
2024-10-25,上海徐汇监测站,长三角,74.8,165.6,0.055,0.019,64.7,1.08,58.9,0.3,17.0,78,1010
2024-10-26,深圳南山监测站,珠三角,14.0,22.3,0.028,0.032,89.0,0.61,54.6,3.9,22.8,74,1007
2024-10-27,武汉武昌监测站,华中地区,53.5,128.4,0.023,0.032,65.9,1.6,47.5,2.1,23.7,47,1016
2024-10-29,杭州西湖监测站,长三角,54.0,96.3,0.003,0.081,79.1,0.3,52.9,1.1,13.0,87,1008
2024-10-30,成都武侯监测站,成渝地区,68.9,132.8,0.017,0.108,49.7,2.0,55.2,3.1,21.9,72,1007
2024-10-31,广州天河监测站,珠三角,72.0,167.5,0.035,0.048,88.4,0.2,52.9,1.1,20.1,60,1013
2024-11-01,杭州西湖监测站,长三角,60.0,135.4,0.029,0.005,92.6,0.72,68.6,2.6,15.9,88,1011
2024-11-02,北京朝阳区监测站,京津冀,32.0,54.8,0.043,0.041,60.6,1.03,69.2,5.5,20.6,58,1009
2024-11-03,上海徐汇监测站,长三角,50.6,117.4,0.044,0.04,16.4,0.66,48.1,4.0,14.7,60,1016
2024-11-05,武汉武昌监测站,华中地区,31.7,50.6,0.045,0.054,75.1,1.12,59.3,0.9,25.3,55,1002
2024-11-08,上海徐汇监测站,长三角,40.6,77.7,0.025,0.052,112.7,0.73,68.9,2.3,26.3,79,991
2024-11-09,北京海淀区监测站,京津冀,89.6,206.6,0.044,0.095,82.9,1.31,42.5,1.2,17.7,34,1010
2024-11-10,上海徐汇监测站,长三角,64.4,150.1,0.034,0.05,107.3,0.49,44.8,3.9,18.0,88,1026
2024-11-11,杭州西湖监测站,长三角,51.7,107.9,0.027,0.069,61.5,0.54,52.4,1.9,12.9,84,1011
2024-11-12,上海徐汇监测站,长三角,84.8,132.7,0.045,0.043,76.3,1.23,49.9,1.4,14.0,71,1001
2024-11-14,上海浦东监测站,长三角,96.6,155.8,0.006,0.041,68.1,1.07,48.5,2.8,23.4,85,1019
2024-11-15,杭州西湖监测站,长三角,11.6,16.5,0.029,0.019,70.4,1.61,56.0,5.1,24.9,63,1010
2024-11-16,成都武侯监测站,成渝地区,87.0,151.1,0.042,0.076,91.0,1.04,62.0,0.1,24.4,80,1007
2024-11-17,广州天河监测站,珠三角,16.5,25.7,0.022,0.078,102.4,0.2,45.5,0.9,29.5,70,1000
2024-11-18,北京朝阳区监测站,京津冀,75.1,99.4,0.071,0.058,31.7,1.59,56.2,1.7,14.8,52,1026
2024-11-25,深圳南山监测站,珠三角,32.8,56.6,0.066,0.065,38.2,1.12,57.9,3.6,28.7,71,1006
2024-11-26,北京海淀区监测站,京津冀,126.7,176.7,0.056,0.094,67.5,1.5,50.3,0.1,15.8,63,1009
2024-11-28,广州天河监测站,珠三角,43.2,90.8,0.054,0.051,8.0,0.86,64.9,9.2,29.2,74,1021
2024-11-29,上海徐汇监测站,长三角,54.6,114.5,0.023,0.04,64.9,1.12,63.4,2.2,13.5,71,1001
2024-11-30,广州天河监测站,珠三角,28.5,67.4,0.067,0.03,56.8,0.6,49.6,2.5,19.6,74,998
2024-12-01,上海徐汇监测站,长三角,45.9,97.5,0.05,0.036,57.2,1.31,54.6,3.6,-1.8,53,1012
2024-12-02,成都武侯监测站,成渝地区,134.1,187.4,0.066,0.047,32.6,1.72,67.6,2.0,7.0,60,1028
2024-12-03,西安雁塔监测站,关中平原,137.6,300.0,0.062,0.09,37.8,1.51,62.1,2.5,8.2,40,1016
2024-12-04,深圳南山监测站,珠三角,3.0,6.6,0.061,0.04,81.9,0.93,52.8,6.0,10.3,58,1020
2024-12-05,深圳南山监测站,珠三角,55.4,90.2,0.076,0.047,41.2,1.64,41.3,0.2,-1.6,61,1028
2024-12-07,广州天河监测站,珠三角,66.9,117.4,0.03,0.034,8.0,1.23,55.5,0.8,7.4,70,1011
2024-12-09,武汉武昌监测站,华中地区,49.7,111.6,0.038,0.049,19.1,1.55,51.9,0.8,8.3,50,995
2024-12-12,西安雁塔监测站,关中平原,268.3,408.2,0.057,0.077,25.5,1.1,55.4,0.1,2.2,63,1022
2024-12-14,深圳南山监测站,珠三角,62.7,123.0,0.064,0.005,77.0,1.09,57.4,2.8,5.4,66,1017
2024-12-15,北京海淀区监测站,京津冀,164.8,357.2,0.087,0.04,66.4,1.78,47.9,2.0,6.6,51,1022
2024-12-16,北京海淀区监测站,京津冀,110.5,195.1,0.046,0.032,66.3,1.92,61.0,1.8,-3.8,33,1031
2024-12-18,北京海淀区监测站,京津冀,216.5,318.1,0.101,0.073,61.0,1.61,50.2,0.9,5.9,57,1022
2024-12-19,西安雁塔监测站,关中平原,169.1,270.9,0.11,0.091,41.6,1.56,50.5,0.5,-2.8,56,1022
2024-12-20,上海徐汇监测站,长三角,61.3,140.9,0.089,0.012,22.7,0.2,58.4,5.1,0.2,77,1023
2024-12-21,深圳南山监测站,珠三角,76.1,131.9,0.026,0.03,95.3,0.52,47.8,10.1,3.7,67,1014
2024-12-22,广州天河监测站,珠三角,68.4,120.8,0.025,0.059,31.3,2.0,56.9,2.1,12.4,62,1015
2024-12-25,上海浦东监测站,长三角,86.5,159.9,0.061,0.023,66.1,0.96,56.7,1.7,4.9,65,1025
2024-12-26,北京海淀区监测站,京津冀,166.3,246.7,0.058,0.11,64.5,1.59,67.1,0.8,3.3,28,1001
2024-12-28,成都武侯监测站,成渝地区,111.5,244.0,0.061,0.061,23.3,1.33,58.9,2.9,-1.2,76,1019
2024-12-30,西安雁塔监测站,关中平原,96.6,172.9,0.075,0.071,55.1,1.82,53.6,7.9,6.4,24,1010
